-- Limpa (filhos -> pai)
DELETE FROM PROJETO_TECNOLOGIA;
DELETE FROM EXPERIENCIA_REALIZACAO;
DELETE FROM EXPERIENCIA_TECNOLOGIA;
DELETE FROM ANEXO;
DELETE FROM REFERENCIA_PROFISSIONAL;
DELETE FROM CONQUISTA;
DELETE FROM PROJETO;
DELETE FROM IDIOMA;
DELETE FROM CURSO;
DELETE FROM CERTIFICACAO;
DELETE FROM SOFT_SKILL;
DELETE FROM HABILIDADE;
DELETE FROM EXPERIENCIA;
DELETE FROM FORMACAO;
DELETE FROM CANDIDATO;

-- Candidatos
INSERT INTO CANDIDATO (ID, NOME_COMPLETO, CIDADE, ESTADO, EMAIL, ACEITA_VIAGENS, ACEITA_MUDANCA, DATA_NASCIMENTO)
VALUES ('11111111-1111-1111-1111-111111111111', 'Alice Front',  'BARUERI',   'SP', 'alice.front@talentcore.dev', 'S', 'N', DATE '1995-05-20');

INSERT INTO CANDIDATO (ID, NOME_COMPLETO, CIDADE, ESTADO, EMAIL, ACEITA_VIAGENS, ACEITA_MUDANCA, DATA_NASCIMENTO)
VALUES ('22222222-2222-2222-2222-222222222222', 'Bruno Backend','SAO PAULO', 'SP', 'bruno.backend@talentcore.dev', 'N', 'N', DATE '1990-03-10');

INSERT INTO CANDIDATO (ID, NOME_COMPLETO, CIDADE, ESTADO, EMAIL, ACEITA_VIAGENS, ACEITA_MUDANCA, DATA_NASCIMENTO)
VALUES ('33333333-3333-3333-3333-333333333333', 'Carla Fullstack','OSASCO', 'SP', 'carla.fullstack@talentcore.dev', 'S', 'S', DATE '1992-08-15');

-- Experiências
INSERT INTO EXPERIENCIA (ID, CANDIDATO_ID, EMPRESA, CARGO, TIPO, DATA_INICIO, DATA_FIM, DESCRICAO_ATIV)
VALUES ('e-alice-1', '11111111-1111-1111-1111-111111111111', 'TechX', 'Frontend Engineer', 'CLT', DATE '2023-01-01', DATE '2025-01-01', 'Desenvolvimento frontend');

INSERT INTO EXPERIENCIA (ID, CANDIDATO_ID, EMPRESA, CARGO, TIPO, DATA_INICIO, DATA_FIM, DESCRICAO_ATIV)
VALUES ('e-bruno-1', '22222222-2222-2222-2222-222222222222', 'FinBank', 'Software Engineer', 'PJ', DATE '2022-01-01', DATE '2025-06-01', 'Core banking backend');

INSERT INTO EXPERIENCIA (ID, CANDIDATO_ID, EMPRESA, CARGO, TIPO, DATA_INICIO, DATA_FIM, DESCRICAO_ATIV)
VALUES ('e-carla-1', '33333333-3333-3333-3333-333333333333', 'WebStart', 'Fullstack Dev', 'CLT', DATE '2021-04-01', DATE '2024-12-01', 'Angular/Node');

-- Tecnologias por experiência
INSERT INTO EXPERIENCIA_TECNOLOGIA (EXPERIENCIA_ID, TECNOLOGIA) VALUES ('e-alice-1', 'ANGULAR');
INSERT INTO EXPERIENCIA_TECNOLOGIA (EXPERIENCIA_ID, TECNOLOGIA) VALUES ('e-alice-1', 'TYPESCRIPT');
INSERT INTO EXPERIENCIA_TECNOLOGIA (EXPERIENCIA_ID, TECNOLOGIA) VALUES ('e-bruno-1', 'JAVA 17');
INSERT INTO EXPERIENCIA_TECNOLOGIA (EXPERIENCIA_ID, TECNOLOGIA) VALUES ('e-bruno-1', 'MICROSERVICES');
INSERT INTO EXPERIENCIA_TECNOLOGIA (EXPERIENCIA_ID, TECNOLOGIA) VALUES ('e-carla-1', 'ANGULAR');
INSERT INTO EXPERIENCIA_TECNOLOGIA (EXPERIENCIA_ID, TECNOLOGIA) VALUES ('e-carla-1', 'NODEJS');

-- Idiomas
INSERT INTO IDIOMA (ID, CANDIDATO_ID, IDIOMA, NIVEL)
VALUES ('i-alice-en', '11111111-1111-1111-1111-111111111111', 'EN-US', 'AVANCADO');

INSERT INTO IDIOMA (ID, CANDIDATO_ID, IDIOMA, NIVEL)
VALUES ('i-carla-en', '33333333-3333-3333-3333-333333333333', 'EN-US', 'FLUENTE');

-- Habilidades técnicas (uma amostra)
INSERT INTO HABILIDADE (ID, CANDIDATO_ID, NOME, CATEGORIA, NIVEL)
VALUES ('h-alice-1', '11111111-1111-1111-1111-111111111111', 'Angular', 'Frontend', 'AVANCADO');

INSERT INTO HABILIDADE (ID, CANDIDATO_ID, NOME, CATEGORIA, NIVEL)
VALUES ('h-bruno-1', '22222222-2222-2222-2222-222222222222', 'Java', 'Backend', 'EXPERT');

COMMIT;